{
  "$schema": "http://schema.management.azure.com/schemas/2015-01-01/deploymentTemplate.json#",
  "contentVersion": "1.0.0.0",
  "parameters": {
    "_artifactsLocation": {
      "type": "string",
      "metadata": {
        "description": "Auto generated container in staging account to receive post-build staging folder"
      }
    },
    "_artifactsLocationSasToken": {
      "type": "string",
      "metadata": {
        "description": "Auto generated token to access _artifactsLocation"
      }
    },
    "serviceBusNamespaceName": {
      "type": "string",
      "metadata": {
        "description": "Name of the Service Bus namespace"
      }
    },
    "serviceBusQueueName1": {
      "type": "string",
      "metadata": {
        "description": "Name of the Queue"
      }
    },
    "serviceBusQueueName2": {
      "type": "string",
      "metadata": {
        "description": "Name of the Queue"
      }
    }
  },
  "variables": {
    "defaultSASKeyName": "RootManageSharedAccessKey",
    "authRuleResourceId": "[resourceId('Microsoft.ServiceBus/namespaces/authorizationRules', parameters('serviceBusNamespaceName'), variables('defaultSASKeyName'))]"
  },
  "resources": [
    {
      "apiVersion": "2017-04-01",
      "name": "[parameters('serviceBusNamespaceName')]",
      "type": "Microsoft.ServiceBus/namespaces",
      "location": "[resourceGroup().location]",
      "sku": {
        "name": "Standard"
      },
      "properties": { },
      "resources": [
        {
          "apiVersion": "2017-04-01",
          "name": "[parameters('serviceBusQueueName1')]",
          "type": "Queues",
          "dependsOn": [
            "[concat('Microsoft.ServiceBus/namespaces/', parameters('serviceBusNamespaceName'))]"
          ],
          "properties": {
            "lockDuration": "PT5M",
            "maxSizeInMegabytes": "1024",
            "requiresDuplicateDetection": "false",
            "requiresSession": "false",
            "defaultMessageTimeToLive": "P10675199DT2H48M5.4775807S",
            "deadLetteringOnMessageExpiration": "false",
            "duplicateDetectionHistoryTimeWindow": "PT10M",
            "maxDeliveryCount": "10",
            "autoDeleteOnIdle": "P10675199DT2H48M5.4775807S",
            "enablePartitioning": "false",
            "enableExpress": "false"
          }
        },
        {
          "apiVersion": "2017-04-01",
          "name": "[parameters('serviceBusQueueName2')]",
          "type": "Queues",
          "dependsOn": [
            "[concat('Microsoft.ServiceBus/namespaces/', parameters('serviceBusNamespaceName'))]",
            "[concat(concat('Microsoft.ServiceBus/namespaces/', parameters('serviceBusNamespaceName')), concat('/Queues/', parameters('serviceBusQueueName1')))]"
          ],
          "properties": {
            "lockDuration": "PT5M",
            "maxSizeInMegabytes": "1024",
            "requiresDuplicateDetection": "false",
            "requiresSession": "false",
            "defaultMessageTimeToLive": "P10675199DT2H48M5.4775807S",
            "deadLetteringOnMessageExpiration": "false",
            "duplicateDetectionHistoryTimeWindow": "PT10M",
            "maxDeliveryCount": "10",
            "autoDeleteOnIdle": "P10675199DT2H48M5.4775807S",
            "enablePartitioning": "false",
            "enableExpress": "false",
            "forwardTo": "[parameters('serviceBusQueueName1')]",
            "forwardDeadLetteredMessagesTo": "[parameters('serviceBusQueueName1')]"
          }
        }
      ]
    }
  ],
  "outputs": {
    "NamespaceConnectionString": {
      "type": "string",
      "value": "[listkeys(variables('authRuleResourceId'), '2017-04-01').primaryConnectionString]"
    },
    "SharedAccessPolicyPrimaryKey": {
      "type": "string",
      "value": "[listkeys(variables('authRuleResourceId'), '2017-04-01').primaryKey]"
    }
  }
}
